ID,Fecha de Inicio,Fecha de Fin,Tarifa,ID de Habitación,Fecha de Creación,Fecha de Actualización
0dac480b-8a2b-4fcd-8e82-d3c22f4e38cd,Mon Jan 20 2025 10:33:10 GMT-0500 (hora estándar de Perú),Tue Jan 20 2026 10:33:10 GMT-0500 (hora estándar de Perú),135,bfc49c3a-f48a-4774-a5ed-e89906f7dc37,Tue Jan 14 2025 23:51:34 GMT-0500 (hora estándar de Perú),Tue Jan 14 2025 23:51:34 GMT-0500 (hora estándar de Perú)
65698252-55a6-49f6-9360-77578d3c63c8,Mon Jan 20 2025 10:33:10 GMT-0500 (hora estándar de Perú),Tue Jan 20 2026 10:33:10 GMT-0500 (hora estándar de Perú),135,bfc49c3a-f48a-4774-a5ed-e89906f7dc37,Tue Jan 14 2025 23:51:34 GMT-0500 (hora estándar de Perú),Tue Jan 14 2025 23:51:34 GMT-0500 (hora estándar de Perú)
429575ec-9d14-48d3-b5ea-25a65e90f9aa,Mon Jan 20 2025 10:33:10 GMT-0500 (hora estándar de Perú),Tue Jan 20 2026 10:33:10 GMT-0500 (hora estándar de Perú),80,392ef6c4-e797-4c18-8ea8-0615f5cfe597,Tue Jan 14 2025 23:51:34 GMT-0500 (hora estándar de Perú),Tue Jan 14 2025 23:51:34 GMT-0500 (hora estándar de Perú)
7fff150d-17bf-4fbf-b5d5-5408bb00d266,Mon Jan 20 2025 10:33:10 GMT-0500 (hora estándar de Perú),Tue Jan 20 2026 10:33:10 GMT-0500 (hora estándar de Perú),80,392ef6c4-e797-4c18-8ea8-0615f5cfe597,Tue Jan 14 2025 23:51:34 GMT-0500 (hora estándar de Perú),Tue Jan 14 2025 23:51:34 GMT-0500 (hora estándar de Perú)
686b6c4b-e5fa-4046-aaac-3693813b7f36,Mon Jan 20 2025 10:33:10 GMT-0500 (hora estándar de Perú),Tue Jan 20 2026 10:33:10 GMT-0500 (hora estándar de Perú),62,df1fc73d-c983-43b0-9003-be03a480d240,Tue Jan 14 2025 23:51:34 GMT-0500 (hora estándar de Perú),Tue Jan 14 2025 23:51:34 GMT-0500 (hora estándar de Perú)
d67d095e-87c6-4270-afda-79d32f6ea0d8,Mon Jan 20 2025 10:33:10 GMT-0500 (hora estándar de Perú),Tue Jan 20 2026 10:33:10 GMT-0500 (hora estándar de Perú),62,df1fc73d-c983-43b0-9003-be03a480d240,Tue Jan 14 2025 23:51:34 GMT-0500 (hora estándar de Perú),Tue Jan 14 2025 23:51:34 GMT-0500 (hora estándar de Perú)
f7214bed-c71e-40be-9520-2bdae72aaf88,Mon Jan 20 2025 10:33:10 GMT-0500 (hora estándar de Perú),Tue Jan 20 2026 10:33:10 GMT-0500 (hora estándar de Perú),69,782bcbdb-c6ee-4fba-9e10-554f63760ab2,Tue Jan 14 2025 23:51:34 GMT-0500 (hora estándar de Perú),Tue Jan 14 2025 23:51:34 GMT-0500 (hora estándar de Perú)
10a32696-f908-4f3b-94e9-d5f6e3162db5,Mon Jan 20 2025 10:33:10 GMT-0500 (hora estándar de Perú),Tue Jan 20 2026 10:33:10 GMT-0500 (hora estándar de Perú),69,782bcbdb-c6ee-4fba-9e10-554f63760ab2,Tue Jan 14 2025 23:51:34 GMT-0500 (hora estándar de Perú),Tue Jan 14 2025 23:51:34 GMT-0500 (hora estándar de Perú)
de7d9924-d92d-4100-b92f-eaab33f76e8d,Mon Jan 20 2025 10:33:10 GMT-0500 (hora estándar de Perú),Tue Jan 20 2026 10:33:10 GMT-0500 (hora estándar de Perú),80,11fb52f5-51ad-4cdf-8d33-6b742e149055,Tue Jan 14 2025 23:51:34 GMT-0500 (hora estándar de Perú),Tue Jan 14 2025 23:51:34 GMT-0500 (hora estándar de Perú)
e8e0544e-6779-4c07-bf9a-6347d356f201,Mon Jan 20 2025 10:33:10 GMT-0500 (hora estándar de Perú),Tue Jan 20 2026 10:33:10 GMT-0500 (hora estándar de Perú),80,11fb52f5-51ad-4cdf-8d33-6b742e149055,Tue Jan 14 2025 23:51:34 GMT-0500 (hora estándar de Perú),Tue Jan 14 2025 23:51:34 GMT-0500 (hora estándar de Perú)
9a7af794-5195-4046-95c3-31be8545906a,Mon Jan 20 2025 10:33:10 GMT-0500 (hora estándar de Perú),Tue Jan 20 2026 10:33:10 GMT-0500 (hora estándar de Perú),80,80612265-c4b4-49c3-b583-efb2ecea6368,Tue Jan 14 2025 23:51:34 GMT-0500 (hora estándar de Perú),Tue Jan 14 2025 23:51:34 GMT-0500 (hora estándar de Perú)
87dcdcbd-c6be-4894-adba-9fead13ead18,Mon Jan 20 2025 10:33:10 GMT-0500 (hora estándar de Perú),Tue Jan 20 2026 10:33:10 GMT-0500 (hora estándar de Perú),80,80612265-c4b4-49c3-b583-efb2ecea6368,Tue Jan 14 2025 23:51:34 GMT-0500 (hora estándar de Perú),Tue Jan 14 2025 23:51:34 GMT-0500 (hora estándar de Perú)
32b69a63-4f23-4783-b277-2408c508174c,Mon Jan 20 2025 10:33:10 GMT-0500 (hora estándar de Perú),Tue Jan 20 2026 10:33:10 GMT-0500 (hora estándar de Perú),155,f949a96b-69ee-43d0-a323-7c6278b7aa0e,Tue Jan 14 2025 23:51:34 GMT-0500 (hora estándar de Perú),Tue Jan 14 2025 23:51:34 GMT-0500 (hora estándar de Perú)
f23329c8-a6c4-4265-8751-e1a8760b8750,Mon Jan 20 2025 10:33:10 GMT-0500 (hora estándar de Perú),Tue Jan 20 2026 10:33:10 GMT-0500 (hora estándar de Perú),155,f949a96b-69ee-43d0-a323-7c6278b7aa0e,Tue Jan 14 2025 23:51:34 GMT-0500 (hora estándar de Perú),Tue Jan 14 2025 23:51:34 GMT-0500 (hora estándar de Perú)
bf579b1b-a3c5-446c-a9ae-50ea45c866c0,Mon Jan 20 2025 10:33:10 GMT-0500 (hora estándar de Perú),Tue Jan 20 2026 10:33:10 GMT-0500 (hora estándar de Perú),100,63f22a09-578e-4c85-8ee1-8f187e98b08c,Tue Jan 14 2025 23:51:34 GMT-0500 (hora estándar de Perú),Tue Jan 14 2025 23:51:34 GMT-0500 (hora estándar de Perú)
e31b962d-5634-4b95-a233-468606797429,Mon Jan 20 2025 10:33:10 GMT-0500 (hora estándar de Perú),Tue Jan 20 2026 10:33:10 GMT-0500 (hora estándar de Perú),100,63f22a09-578e-4c85-8ee1-8f187e98b08c,Tue Jan 14 2025 23:51:34 GMT-0500 (hora estándar de Perú),Tue Jan 14 2025 23:51:34 GMT-0500 (hora estándar de Perú)
df514412-d29f-46b7-bff0-35e5b15577bd,Mon Jan 20 2025 10:33:10 GMT-0500 (hora estándar de Perú),Tue Jan 20 2026 10:33:10 GMT-0500 (hora estándar de Perú),82,0d0cdda1-2808-4c74-a95d-715ccbac6f4c,Tue Jan 14 2025 23:51:34 GMT-0500 (hora estándar de Perú),Tue Jan 14 2025 23:51:34 GMT-0500 (hora estándar de Perú)
635cf872-feb8-4a14-984b-327a57682e86,Mon Jan 20 2025 10:33:10 GMT-0500 (hora estándar de Perú),Tue Jan 20 2026 10:33:10 GMT-0500 (hora estándar de Perú),82,0d0cdda1-2808-4c74-a95d-715ccbac6f4c,Tue Jan 14 2025 23:51:34 GMT-0500 (hora estándar de Perú),Tue Jan 14 2025 23:51:34 GMT-0500 (hora estándar de Perú)
e5999eba-5a49-40b9-ab94-68b9e4f01b06,Mon Jan 20 2025 10:33:10 GMT-0500 (hora estándar de Perú),Tue Jan 20 2026 10:33:10 GMT-0500 (hora estándar de Perú),89,5ee302f5-73e5-47a7-9630-7450c4f250c0,Tue Jan 14 2025 23:51:34 GMT-0500 (hora estándar de Perú),Tue Jan 14 2025 23:51:34 GMT-0500 (hora estándar de Perú)
02e05799-0a23-4d42-ba89-94cad6beaffe,Mon Jan 20 2025 10:33:10 GMT-0500 (hora estándar de Perú),Tue Jan 20 2026 10:33:10 GMT-0500 (hora estándar de Perú),89,5ee302f5-73e5-47a7-9630-7450c4f250c0,Tue Jan 14 2025 23:51:34 GMT-0500 (hora estándar de Perú),Tue Jan 14 2025 23:51:34 GMT-0500 (hora estándar de Perú)
4ee37924-759f-4fea-9dbc-733c8fc71a9b,Mon Jan 20 2025 10:33:10 GMT-0500 (hora estándar de Perú),Tue Jan 20 2026 10:33:10 GMT-0500 (hora estándar de Perú),100,4e96c972-c58c-475b-901c-b1bacbe68e45,Tue Jan 14 2025 23:51:34 GMT-0500 (hora estándar de Perú),Tue Jan 14 2025 23:51:34 GMT-0500 (hora estándar de Perú)
55b3e1ad-a0a0-442f-8bd0-ec60a338d049,Mon Jan 20 2025 10:33:10 GMT-0500 (hora estándar de Perú),Tue Jan 20 2026 10:33:10 GMT-0500 (hora estándar de Perú),100,4e96c972-c58c-475b-901c-b1bacbe68e45,Tue Jan 14 2025 23:51:34 GMT-0500 (hora estándar de Perú),Tue Jan 14 2025 23:51:34 GMT-0500 (hora estándar de Perú)
a323f421-6d96-4c01-bbce-a7811c946618,Mon Jan 20 2025 10:33:10 GMT-0500 (hora estándar de Perú),Tue Jan 20 2026 10:33:10 GMT-0500 (hora estándar de Perú),100,f45f5237-0d27-4c95-8112-2da25651b4ad,Tue Jan 14 2025 23:52:08 GMT-0500 (hora estándar de Perú),Tue Jan 14 2025 23:52:08 GMT-0500 (hora estándar de Perú)
fd7ce8b1-af96-465a-ad96-2b8922d35dcc,Mon Jan 20 2025 10:33:10 GMT-0500 (hora estándar de Perú),Tue Jan 20 2026 10:33:10 GMT-0500 (hora estándar de Perú),100,f45f5237-0d27-4c95-8112-2da25651b4ad,Tue Jan 14 2025 23:52:08 GMT-0500 (hora estándar de Perú),Tue Jan 14 2025 23:52:08 GMT-0500 (hora estándar de Perú)
0cead856-f15a-4630-8a87-2a5b885e06f4,Mon Jan 20 2025 10:33:10 GMT-0500 (hora estándar de Perú),Tue Jan 20 2026 10:33:10 GMT-0500 (hora estándar de Perú),135,16ea9dac-c451-4110-8b4b-c3a96bbfd44c,Tue Jan 14 2025 23:53:57 GMT-0500 (hora estándar de Perú),Tue Jan 14 2025 23:53:57 GMT-0500 (hora estándar de Perú)
802921b3-d839-47c5-a20a-d649c6842cba,Mon Jan 20 2025 10:33:10 GMT-0500 (hora estándar de Perú),Tue Jan 20 2026 10:33:10 GMT-0500 (hora estándar de Perú),135,16ea9dac-c451-4110-8b4b-c3a96bbfd44c,Tue Jan 14 2025 23:53:57 GMT-0500 (hora estándar de Perú),Tue Jan 14 2025 23:53:57 GMT-0500 (hora estándar de Perú)
a3c78822-4e5c-4de7-99c0-8ce9afa4d9b5,Mon Jan 20 2025 10:33:10 GMT-0500 (hora estándar de Perú),Tue Jan 20 2026 10:33:10 GMT-0500 (hora estándar de Perú),155,16ea9dac-c451-4110-8b4b-c3a96bbfd44c,Tue Jan 14 2025 23:53:57 GMT-0500 (hora estándar de Perú),Tue Jan 14 2025 23:53:57 GMT-0500 (hora estándar de Perú)
da78133d-fe9c-40b7-a875-ec7e1a0ac5a9,Mon Jan 20 2025 10:33:10 GMT-0500 (hora estándar de Perú),Tue Jan 20 2026 10:33:10 GMT-0500 (hora estándar de Perú),175,16ea9dac-c451-4110-8b4b-c3a96bbfd44c,Tue Jan 14 2025 23:53:57 GMT-0500 (hora estándar de Perú),Tue Jan 14 2025 23:53:57 GMT-0500 (hora estándar de Perú)
e1004b21-52a0-4ee2-aee1-5670bb834160,Mon Jan 20 2025 10:33:10 GMT-0500 (hora estándar de Perú),Tue Jan 20 2026 10:33:10 GMT-0500 (hora estándar de Perú),80,5c12d6ad-2604-4006-a2bc-71bb47af1d6f,Tue Jan 14 2025 23:53:57 GMT-0500 (hora estándar de Perú),Tue Jan 14 2025 23:53:57 GMT-0500 (hora estándar de Perú)
19f24716-2a00-486b-9cfb-28fd145473ae,Mon Jan 20 2025 10:33:10 GMT-0500 (hora estándar de Perú),Tue Jan 20 2026 10:33:10 GMT-0500 (hora estándar de Perú),80,5c12d6ad-2604-4006-a2bc-71bb47af1d6f,Tue Jan 14 2025 23:53:57 GMT-0500 (hora estándar de Perú),Tue Jan 14 2025 23:53:57 GMT-0500 (hora estándar de Perú)
4b185015-41d0-4544-8d1c-01f87aa08f52,Mon Jan 20 2025 10:33:10 GMT-0500 (hora estándar de Perú),Tue Jan 20 2026 10:33:10 GMT-0500 (hora estándar de Perú),100,5c12d6ad-2604-4006-a2bc-71bb47af1d6f,Tue Jan 14 2025 23:53:57 GMT-0500 (hora estándar de Perú),Tue Jan 14 2025 23:53:57 GMT-0500 (hora estándar de Perú)
1f0c7657-3c53-449f-9495-f560a4e8536b,Mon Jan 20 2025 10:33:10 GMT-0500 (hora estándar de Perú),Tue Jan 20 2026 10:33:10 GMT-0500 (hora estándar de Perú),120,5c12d6ad-2604-4006-a2bc-71bb47af1d6f,Tue Jan 14 2025 23:53:57 GMT-0500 (hora estándar de Perú),Tue Jan 14 2025 23:53:57 GMT-0500 (hora estándar de Perú)
c14a5712-d495-4190-8441-99dd60e27e60,Mon Jan 20 2025 10:33:10 GMT-0500 (hora estándar de Perú),Tue Jan 20 2026 10:33:10 GMT-0500 (hora estándar de Perú),62,34fd80d7-cb8f-4091-9211-d8bc6b337467,Tue Jan 14 2025 23:53:57 GMT-0500 (hora estándar de Perú),Tue Jan 14 2025 23:53:57 GMT-0500 (hora estándar de Perú)
911861cc-eaaa-4a69-8d64-d3505176c25f,Mon Jan 20 2025 10:33:10 GMT-0500 (hora estándar de Perú),Tue Jan 20 2026 10:33:10 GMT-0500 (hora estándar de Perú),62,34fd80d7-cb8f-4091-9211-d8bc6b337467,Tue Jan 14 2025 23:53:57 GMT-0500 (hora estándar de Perú),Tue Jan 14 2025 23:53:57 GMT-0500 (hora estándar de Perú)
2d924bfe-b03c-4f36-97e2-7c88234314a3,Mon Jan 20 2025 10:33:10 GMT-0500 (hora estándar de Perú),Tue Jan 20 2026 10:33:10 GMT-0500 (hora estándar de Perú),82,34fd80d7-cb8f-4091-9211-d8bc6b337467,Tue Jan 14 2025 23:53:57 GMT-0500 (hora estándar de Perú),Tue Jan 14 2025 23:53:57 GMT-0500 (hora estándar de Perú)
817414fe-f70b-48ea-a198-26ddc4aa0366,Mon Jan 20 2025 10:33:10 GMT-0500 (hora estándar de Perú),Tue Jan 20 2026 10:33:10 GMT-0500 (hora estándar de Perú),102,34fd80d7-cb8f-4091-9211-d8bc6b337467,Tue Jan 14 2025 23:53:57 GMT-0500 (hora estándar de Perú),Tue Jan 14 2025 23:53:57 GMT-0500 (hora estándar de Perú)
54b829f7-5adc-454e-95eb-fe6bb6581381,Mon Jan 20 2025 10:33:10 GMT-0500 (hora estándar de Perú),Tue Jan 20 2026 10:33:10 GMT-0500 (hora estándar de Perú),69,481e939b-c908-439f-86fe-fc407350335b,Tue Jan 14 2025 23:53:57 GMT-0500 (hora estándar de Perú),Tue Jan 14 2025 23:53:57 GMT-0500 (hora estándar de Perú)
4cf4a899-9943-4e18-b39a-74504c5b9278,Mon Jan 20 2025 10:33:10 GMT-0500 (hora estándar de Perú),Tue Jan 20 2026 10:33:10 GMT-0500 (hora estándar de Perú),69,481e939b-c908-439f-86fe-fc407350335b,Tue Jan 14 2025 23:53:57 GMT-0500 (hora estándar de Perú),Tue Jan 14 2025 23:53:57 GMT-0500 (hora estándar de Perú)
a12c6fc6-2b9e-4c03-9c29-485b5ab7af96,Mon Jan 20 2025 10:33:10 GMT-0500 (hora estándar de Perú),Tue Jan 20 2026 10:33:10 GMT-0500 (hora estándar de Perú),89,481e939b-c908-439f-86fe-fc407350335b,Tue Jan 14 2025 23:53:57 GMT-0500 (hora estándar de Perú),Tue Jan 14 2025 23:53:57 GMT-0500 (hora estándar de Perú)
747d40af-f1a0-4a9c-ac6a-91abbfc429fe,Mon Jan 20 2025 10:33:10 GMT-0500 (hora estándar de Perú),Tue Jan 20 2026 10:33:10 GMT-0500 (hora estándar de Perú),109,481e939b-c908-439f-86fe-fc407350335b,Tue Jan 14 2025 23:53:57 GMT-0500 (hora estándar de Perú),Tue Jan 14 2025 23:53:57 GMT-0500 (hora estándar de Perú)
1c008438-2867-4aa3-b90e-9b2ab84c60d6,Mon Jan 20 2025 10:33:10 GMT-0500 (hora estándar de Perú),Tue Jan 20 2026 10:33:10 GMT-0500 (hora estándar de Perú),80,8d07c98e-cbb4-458c-ba9e-cab182d5b86b,Tue Jan 14 2025 23:53:57 GMT-0500 (hora estándar de Perú),Tue Jan 14 2025 23:53:57 GMT-0500 (hora estándar de Perú)
cd107f4e-68d7-4571-91db-dbd0a96a0783,Mon Jan 20 2025 10:33:10 GMT-0500 (hora estándar de Perú),Tue Jan 20 2026 10:33:10 GMT-0500 (hora estándar de Perú),80,8d07c98e-cbb4-458c-ba9e-cab182d5b86b,Tue Jan 14 2025 23:53:57 GMT-0500 (hora estándar de Perú),Tue Jan 14 2025 23:53:57 GMT-0500 (hora estándar de Perú)
e268dc7a-2219-40bb-b513-6beb157d6910,Mon Jan 20 2025 10:33:10 GMT-0500 (hora estándar de Perú),Tue Jan 20 2026 10:33:10 GMT-0500 (hora estándar de Perú),100,8d07c98e-cbb4-458c-ba9e-cab182d5b86b,Tue Jan 14 2025 23:53:57 GMT-0500 (hora estándar de Perú),Tue Jan 14 2025 23:53:57 GMT-0500 (hora estándar de Perú)
34e73e2e-9a58-4731-941f-11a628e713a9,Mon Jan 20 2025 10:33:10 GMT-0500 (hora estándar de Perú),Tue Jan 20 2026 10:33:10 GMT-0500 (hora estándar de Perú),120,8d07c98e-cbb4-458c-ba9e-cab182d5b86b,Tue Jan 14 2025 23:53:57 GMT-0500 (hora estándar de Perú),Tue Jan 14 2025 23:53:57 GMT-0500 (hora estándar de Perú)
ddf0d292-01e5-4d29-81e4-128fee8997b1,Mon Jan 20 2025 10:33:10 GMT-0500 (hora estándar de Perú),Tue Jan 20 2026 10:33:10 GMT-0500 (hora estándar de Perú),100,101f171c-9dd2-4544-ad71-c54a8e48153d,Tue Jan 14 2025 23:53:57 GMT-0500 (hora estándar de Perú),Tue Jan 14 2025 23:53:57 GMT-0500 (hora estándar de Perú)
953fa827-b7f8-4aab-a2d2-048cfa8c4d38,Mon Jan 20 2025 10:33:10 GMT-0500 (hora estándar de Perú),Tue Jan 20 2026 10:33:10 GMT-0500 (hora estándar de Perú),100,101f171c-9dd2-4544-ad71-c54a8e48153d,Tue Jan 14 2025 23:53:57 GMT-0500 (hora estándar de Perú),Tue Jan 14 2025 23:53:57 GMT-0500 (hora estándar de Perú)
518694c7-c5b9-4076-80c1-5b6b54fa367f,Mon Jan 20 2025 10:33:10 GMT-0500 (hora estándar de Perú),Tue Jan 20 2026 10:33:10 GMT-0500 (hora estándar de Perú),120,101f171c-9dd2-4544-ad71-c54a8e48153d,Tue Jan 14 2025 23:53:57 GMT-0500 (hora estándar de Perú),Tue Jan 14 2025 23:53:57 GMT-0500 (hora estándar de Perú)
f6c9636f-a30e-4506-b710-378555860f3b,Mon Jan 20 2025 10:33:10 GMT-0500 (hora estándar de Perú),Tue Jan 20 2026 10:33:10 GMT-0500 (hora estándar de Perú),140,101f171c-9dd2-4544-ad71-c54a8e48153d,Tue Jan 14 2025 23:53:57 GMT-0500 (hora estándar de Perú),Tue Jan 14 2025 23:53:57 GMT-0500 (hora estándar de Perú)
fad20665-202b-43ed-8e52-dfd5186b46f5,Mon Jan 20 2025 10:33:10 GMT-0500 (hora estándar de Perú),Tue Jan 20 2026 10:33:10 GMT-0500 (hora estándar de Perú),155,f1486fc1-9600-413a-925f-21fc183de7ce,Tue Jan 14 2025 23:53:57 GMT-0500 (hora estándar de Perú),Tue Jan 14 2025 23:53:57 GMT-0500 (hora estándar de Perú)
83de8429-2409-4468-a3ed-ae2ae00f4737,Mon Jan 20 2025 10:33:10 GMT-0500 (hora estándar de Perú),Tue Jan 20 2026 10:33:10 GMT-0500 (hora estándar de Perú),155,f1486fc1-9600-413a-925f-21fc183de7ce,Tue Jan 14 2025 23:53:57 GMT-0500 (hora estándar de Perú),Tue Jan 14 2025 23:53:57 GMT-0500 (hora estándar de Perú)
0f94f1f1-77dd-4122-b15c-a569fd1de378,Mon Jan 20 2025 10:33:10 GMT-0500 (hora estándar de Perú),Tue Jan 20 2026 10:33:10 GMT-0500 (hora estándar de Perú),175,f1486fc1-9600-413a-925f-21fc183de7ce,Tue Jan 14 2025 23:53:57 GMT-0500 (hora estándar de Perú),Tue Jan 14 2025 23:53:57 GMT-0500 (hora estándar de Perú)
54c6b90a-a3fb-4a37-9b80-4e47d1b0ca43,Mon Jan 20 2025 10:33:10 GMT-0500 (hora estándar de Perú),Tue Jan 20 2026 10:33:10 GMT-0500 (hora estándar de Perú),195,f1486fc1-9600-413a-925f-21fc183de7ce,Tue Jan 14 2025 23:53:57 GMT-0500 (hora estándar de Perú),Tue Jan 14 2025 23:53:57 GMT-0500 (hora estándar de Perú)
36f7ceb5-19b1-4d56-acac-73149bf75431,Mon Jan 20 2025 10:33:10 GMT-0500 (hora estándar de Perú),Tue Jan 20 2026 10:33:10 GMT-0500 (hora estándar de Perú),100,a6a791ed-dbea-42ac-9f0c-6b8373aab9a2,Tue Jan 14 2025 23:53:57 GMT-0500 (hora estándar de Perú),Tue Jan 14 2025 23:53:57 GMT-0500 (hora estándar de Perú)
7e265c13-6d05-4d6a-bb03-6e364d549aca,Mon Jan 20 2025 10:33:10 GMT-0500 (hora estándar de Perú),Tue Jan 20 2026 10:33:10 GMT-0500 (hora estándar de Perú),100,a6a791ed-dbea-42ac-9f0c-6b8373aab9a2,Tue Jan 14 2025 23:53:57 GMT-0500 (hora estándar de Perú),Tue Jan 14 2025 23:53:57 GMT-0500 (hora estándar de Perú)
781cae59-5dfe-432a-9349-b90bd1fd5271,Mon Jan 20 2025 10:33:10 GMT-0500 (hora estándar de Perú),Tue Jan 20 2026 10:33:10 GMT-0500 (hora estándar de Perú),120,a6a791ed-dbea-42ac-9f0c-6b8373aab9a2,Tue Jan 14 2025 23:53:57 GMT-0500 (hora estándar de Perú),Tue Jan 14 2025 23:53:57 GMT-0500 (hora estándar de Perú)
0390cec7-4b59-472a-91c5-a3890b2a35b6,Mon Jan 20 2025 10:33:10 GMT-0500 (hora estándar de Perú),Tue Jan 20 2026 10:33:10 GMT-0500 (hora estándar de Perú),140,a6a791ed-dbea-42ac-9f0c-6b8373aab9a2,Tue Jan 14 2025 23:53:57 GMT-0500 (hora estándar de Perú),Tue Jan 14 2025 23:53:57 GMT-0500 (hora estándar de Perú)
ae3feef0-75ee-48db-bba5-826e8e73d809,Mon Jan 20 2025 10:33:10 GMT-0500 (hora estándar de Perú),Tue Jan 20 2026 10:33:10 GMT-0500 (hora estándar de Perú),82,7864a154-6d53-4d7d-ac0e-cd3e1e69e6b1,Tue Jan 14 2025 23:53:57 GMT-0500 (hora estándar de Perú),Tue Jan 14 2025 23:53:57 GMT-0500 (hora estándar de Perú)
9e46542c-8741-4112-a690-3d447dbe113c,Mon Jan 20 2025 10:33:10 GMT-0500 (hora estándar de Perú),Tue Jan 20 2026 10:33:10 GMT-0500 (hora estándar de Perú),82,7864a154-6d53-4d7d-ac0e-cd3e1e69e6b1,Tue Jan 14 2025 23:53:57 GMT-0500 (hora estándar de Perú),Tue Jan 14 2025 23:53:57 GMT-0500 (hora estándar de Perú)
44bbf0fc-6e5e-401d-ab7e-808e25ab8b8e,Mon Jan 20 2025 10:33:10 GMT-0500 (hora estándar de Perú),Tue Jan 20 2026 10:33:10 GMT-0500 (hora estándar de Perú),102,7864a154-6d53-4d7d-ac0e-cd3e1e69e6b1,Tue Jan 14 2025 23:53:57 GMT-0500 (hora estándar de Perú),Tue Jan 14 2025 23:53:57 GMT-0500 (hora estándar de Perú)
16b02c04-de78-46b2-8a35-9fdc857e39a7,Mon Jan 20 2025 10:33:10 GMT-0500 (hora estándar de Perú),Tue Jan 20 2026 10:33:10 GMT-0500 (hora estándar de Perú),122,7864a154-6d53-4d7d-ac0e-cd3e1e69e6b1,Tue Jan 14 2025 23:53:57 GMT-0500 (hora estándar de Perú),Tue Jan 14 2025 23:53:57 GMT-0500 (hora estándar de Perú)
bf8ad251-299e-4784-8d0e-bf689655b77e,Mon Jan 20 2025 10:33:10 GMT-0500 (hora estándar de Perú),Tue Jan 20 2026 10:33:10 GMT-0500 (hora estándar de Perú),89,ff83b96e-1e6e-43a7-9854-7b7ddb93e449,Tue Jan 14 2025 23:53:57 GMT-0500 (hora estándar de Perú),Tue Jan 14 2025 23:53:57 GMT-0500 (hora estándar de Perú)
b6cd3a86-89c5-4856-a8a3-46c8bfee2bc0,Mon Jan 20 2025 10:33:10 GMT-0500 (hora estándar de Perú),Tue Jan 20 2026 10:33:10 GMT-0500 (hora estándar de Perú),89,ff83b96e-1e6e-43a7-9854-7b7ddb93e449,Tue Jan 14 2025 23:53:57 GMT-0500 (hora estándar de Perú),Tue Jan 14 2025 23:53:57 GMT-0500 (hora estándar de Perú)
6347ef96-519c-4952-9861-855c0aec94d7,Mon Jan 20 2025 10:33:10 GMT-0500 (hora estándar de Perú),Tue Jan 20 2026 10:33:10 GMT-0500 (hora estándar de Perú),109,ff83b96e-1e6e-43a7-9854-7b7ddb93e449,Tue Jan 14 2025 23:53:57 GMT-0500 (hora estándar de Perú),Tue Jan 14 2025 23:53:57 GMT-0500 (hora estándar de Perú)
05d5b8d1-766e-4a65-8e94-c1bbfdfe5b8b,Mon Jan 20 2025 10:33:10 GMT-0500 (hora estándar de Perú),Tue Jan 20 2026 10:33:10 GMT-0500 (hora estándar de Perú),129,ff83b96e-1e6e-43a7-9854-7b7ddb93e449,Tue Jan 14 2025 23:53:57 GMT-0500 (hora estándar de Perú),Tue Jan 14 2025 23:53:57 GMT-0500 (hora estándar de Perú)
ca5296eb-1b03-4f16-be2e-9ef9b4b1e1a5,Mon Jan 20 2025 10:33:10 GMT-0500 (hora estándar de Perú),Tue Jan 20 2026 10:33:10 GMT-0500 (hora estándar de Perú),100,8710424f-5746-4876-bf4f-f5899a1dab18,Tue Jan 14 2025 23:53:57 GMT-0500 (hora estándar de Perú),Tue Jan 14 2025 23:53:57 GMT-0500 (hora estándar de Perú)
ef0023db-c0f5-4e5a-afbb-36a7df7a9298,Mon Jan 20 2025 10:33:10 GMT-0500 (hora estándar de Perú),Tue Jan 20 2026 10:33:10 GMT-0500 (hora estándar de Perú),100,8710424f-5746-4876-bf4f-f5899a1dab18,Tue Jan 14 2025 23:53:57 GMT-0500 (hora estándar de Perú),Tue Jan 14 2025 23:53:57 GMT-0500 (hora estándar de Perú)
ef7e7c3a-24b6-43ec-96aa-e7bdbe0ef4bd,Mon Jan 20 2025 10:33:10 GMT-0500 (hora estándar de Perú),Tue Jan 20 2026 10:33:10 GMT-0500 (hora estándar de Perú),120,8710424f-5746-4876-bf4f-f5899a1dab18,Tue Jan 14 2025 23:53:57 GMT-0500 (hora estándar de Perú),Tue Jan 14 2025 23:53:57 GMT-0500 (hora estándar de Perú)
8f964751-2926-4e0c-90a0-bd9eeb6b28ec,Mon Jan 20 2025 10:33:10 GMT-0500 (hora estándar de Perú),Tue Jan 20 2026 10:33:10 GMT-0500 (hora estándar de Perú),140,8710424f-5746-4876-bf4f-f5899a1dab18,Tue Jan 14 2025 23:53:57 GMT-0500 (hora estándar de Perú),Tue Jan 14 2025 23:53:57 GMT-0500 (hora estándar de Perú)
39bbb49d-8d8f-4816-bd23-2792d405a03e,Mon Jan 20 2025 10:33:10 GMT-0500 (hora estándar de Perú),Tue Jan 20 2026 10:33:10 GMT-0500 (hora estándar de Perú),100,91ec6eee-ecd1-423a-a4c6-6fe4e04aabd5,Tue Jan 14 2025 23:53:58 GMT-0500 (hora estándar de Perú),Tue Jan 14 2025 23:53:58 GMT-0500 (hora estándar de Perú)
40af1480-5b63-45e2-96cc-36f366eaf5c5,Mon Jan 20 2025 10:33:10 GMT-0500 (hora estándar de Perú),Tue Jan 20 2026 10:33:10 GMT-0500 (hora estándar de Perú),100,91ec6eee-ecd1-423a-a4c6-6fe4e04aabd5,Tue Jan 14 2025 23:53:58 GMT-0500 (hora estándar de Perú),Tue Jan 14 2025 23:53:58 GMT-0500 (hora estándar de Perú)
3fa53e1f-de87-48d4-9bbd-414b3fba26e8,Mon Jan 20 2025 10:33:10 GMT-0500 (hora estándar de Perú),Tue Jan 20 2026 10:33:10 GMT-0500 (hora estándar de Perú),120,91ec6eee-ecd1-423a-a4c6-6fe4e04aabd5,Tue Jan 14 2025 23:53:58 GMT-0500 (hora estándar de Perú),Tue Jan 14 2025 23:53:58 GMT-0500 (hora estándar de Perú)
050687c2-f7ec-49eb-a428-56aaa82412be,Mon Jan 20 2025 10:33:10 GMT-0500 (hora estándar de Perú),Tue Jan 20 2026 10:33:10 GMT-0500 (hora estándar de Perú),140,91ec6eee-ecd1-423a-a4c6-6fe4e04aabd5,Tue Jan 14 2025 23:53:58 GMT-0500 (hora estándar de Perú),Tue Jan 14 2025 23:53:58 GMT-0500 (hora estándar de Perú)
9e8c2f8e-d2c6-47bb-898b-8ee10915aaed,Mon Jan 20 2025 10:33:10 GMT-0500 (hora estándar de Perú),Tue Jan 20 2026 10:33:10 GMT-0500 (hora estándar de Perú),155,3b875b32-d2e2-4498-9bde-5155774da80d,Tue Jan 14 2025 23:55:44 GMT-0500 (hora estándar de Perú),Tue Jan 14 2025 23:55:44 GMT-0500 (hora estándar de Perú)
378fa57a-09b9-45a4-b613-9340d6f08ba3,Mon Jan 20 2025 10:33:10 GMT-0500 (hora estándar de Perú),Tue Jan 20 2026 10:33:10 GMT-0500 (hora estándar de Perú),155,3b875b32-d2e2-4498-9bde-5155774da80d,Tue Jan 14 2025 23:55:44 GMT-0500 (hora estándar de Perú),Tue Jan 14 2025 23:55:44 GMT-0500 (hora estándar de Perú)
56d7ef86-80e1-40a3-98cf-98b97342c35e,Mon Jan 20 2025 10:33:10 GMT-0500 (hora estándar de Perú),Tue Jan 20 2026 10:33:10 GMT-0500 (hora estándar de Perú),155,3b875b32-d2e2-4498-9bde-5155774da80d,Tue Jan 14 2025 23:55:44 GMT-0500 (hora estándar de Perú),Tue Jan 14 2025 23:55:44 GMT-0500 (hora estándar de Perú)
abf59ace-3cd3-4119-b3d8-f3c77ce18e28,Mon Jan 20 2025 10:33:10 GMT-0500 (hora estándar de Perú),Tue Jan 20 2026 10:33:10 GMT-0500 (hora estándar de Perú),175,3b875b32-d2e2-4498-9bde-5155774da80d,Tue Jan 14 2025 23:55:44 GMT-0500 (hora estándar de Perú),Tue Jan 14 2025 23:55:44 GMT-0500 (hora estándar de Perú)
27398764-793f-4c65-a2c9-c9fb1196c50d,Mon Jan 20 2025 10:33:10 GMT-0500 (hora estándar de Perú),Tue Jan 20 2026 10:33:10 GMT-0500 (hora estándar de Perú),195,3b875b32-d2e2-4498-9bde-5155774da80d,Tue Jan 14 2025 23:55:44 GMT-0500 (hora estándar de Perú),Tue Jan 14 2025 23:55:44 GMT-0500 (hora estándar de Perú)
58d945e3-52ff-4ae3-9e4c-057b46afe468,Mon Jan 20 2025 10:33:10 GMT-0500 (hora estándar de Perú),Tue Jan 20 2026 10:33:10 GMT-0500 (hora estándar de Perú),215,3b875b32-d2e2-4498-9bde-5155774da80d,Tue Jan 14 2025 23:55:44 GMT-0500 (hora estándar de Perú),Tue Jan 14 2025 23:55:44 GMT-0500 (hora estándar de Perú)
ffed8c0e-71ab-4b33-91a6-942446779918,Mon Jan 20 2025 10:33:10 GMT-0500 (hora estándar de Perú),Tue Jan 20 2026 10:33:10 GMT-0500 (hora estándar de Perú),100,a97260b6-e046-4df4-9d7d-c62d4aa59965,Tue Jan 14 2025 23:55:44 GMT-0500 (hora estándar de Perú),Tue Jan 14 2025 23:55:44 GMT-0500 (hora estándar de Perú)
75fc1c5d-7f3e-40fa-939c-5133f383c65d,Mon Jan 20 2025 10:33:10 GMT-0500 (hora estándar de Perú),Tue Jan 20 2026 10:33:10 GMT-0500 (hora estándar de Perú),100,a97260b6-e046-4df4-9d7d-c62d4aa59965,Tue Jan 14 2025 23:55:44 GMT-0500 (hora estándar de Perú),Tue Jan 14 2025 23:55:44 GMT-0500 (hora estándar de Perú)
0adadf9e-1e4a-46c4-a018-2b93268f6a1b,Mon Jan 20 2025 10:33:10 GMT-0500 (hora estándar de Perú),Tue Jan 20 2026 10:33:10 GMT-0500 (hora estándar de Perú),100,a97260b6-e046-4df4-9d7d-c62d4aa59965,Tue Jan 14 2025 23:55:44 GMT-0500 (hora estándar de Perú),Tue Jan 14 2025 23:55:44 GMT-0500 (hora estándar de Perú)
96c53638-205a-4b68-a52b-962baff26edd,Mon Jan 20 2025 10:33:10 GMT-0500 (hora estándar de Perú),Tue Jan 20 2026 10:33:10 GMT-0500 (hora estándar de Perú),120,a97260b6-e046-4df4-9d7d-c62d4aa59965,Tue Jan 14 2025 23:55:44 GMT-0500 (hora estándar de Perú),Tue Jan 14 2025 23:55:44 GMT-0500 (hora estándar de Perú)
f60e4afa-ed47-48af-ba3c-db0f68cb2e2b,Mon Jan 20 2025 10:33:10 GMT-0500 (hora estándar de Perú),Tue Jan 20 2026 10:33:10 GMT-0500 (hora estándar de Perú),140,a97260b6-e046-4df4-9d7d-c62d4aa59965,Tue Jan 14 2025 23:55:44 GMT-0500 (hora estándar de Perú),Tue Jan 14 2025 23:55:44 GMT-0500 (hora estándar de Perú)
2618d639-c688-47e5-82d2-fa52bed39723,Mon Jan 20 2025 10:33:10 GMT-0500 (hora estándar de Perú),Tue Jan 20 2026 10:33:10 GMT-0500 (hora estándar de Perú),161,a97260b6-e046-4df4-9d7d-c62d4aa59965,Tue Jan 14 2025 23:55:44 GMT-0500 (hora estándar de Perú),Tue Jan 14 2025 23:55:44 GMT-0500 (hora estándar de Perú)
df754b08-9b8a-4a5a-9d10-a92328a1f74f,Mon Jan 20 2025 10:33:10 GMT-0500 (hora estándar de Perú),Tue Jan 20 2026 10:33:10 GMT-0500 (hora estándar de Perú),102,ec67ffc3-0ac8-4bcc-b956-42c63b55d468,Tue Jan 14 2025 23:55:44 GMT-0500 (hora estándar de Perú),Tue Jan 14 2025 23:55:44 GMT-0500 (hora estándar de Perú)
f385b3b5-e567-4811-8ab1-f9844ba14f73,Mon Jan 20 2025 10:33:10 GMT-0500 (hora estándar de Perú),Tue Jan 20 2026 10:33:10 GMT-0500 (hora estándar de Perú),102,ec67ffc3-0ac8-4bcc-b956-42c63b55d468,Tue Jan 14 2025 23:55:44 GMT-0500 (hora estándar de Perú),Tue Jan 14 2025 23:55:44 GMT-0500 (hora estándar de Perú)
24297c46-bc7c-4ec2-8216-804e9f22f3f3,Mon Jan 20 2025 10:33:10 GMT-0500 (hora estándar de Perú),Tue Jan 20 2026 10:33:10 GMT-0500 (hora estándar de Perú),102,ec67ffc3-0ac8-4bcc-b956-42c63b55d468,Tue Jan 14 2025 23:55:44 GMT-0500 (hora estándar de Perú),Tue Jan 14 2025 23:55:44 GMT-0500 (hora estándar de Perú)
7d2a2f6c-1af0-425f-80d2-85824c1bc6d1,Mon Jan 20 2025 10:33:10 GMT-0500 (hora estándar de Perú),Tue Jan 20 2026 10:33:10 GMT-0500 (hora estándar de Perú),122,ec67ffc3-0ac8-4bcc-b956-42c63b55d468,Tue Jan 14 2025 23:55:44 GMT-0500 (hora estándar de Perú),Tue Jan 14 2025 23:55:44 GMT-0500 (hora estándar de Perú)
8f501282-c740-4b38-b90f-130c1eb67d91,Mon Jan 20 2025 10:33:10 GMT-0500 (hora estándar de Perú),Tue Jan 20 2026 10:33:10 GMT-0500 (hora estándar de Perú),142,ec67ffc3-0ac8-4bcc-b956-42c63b55d468,Tue Jan 14 2025 23:55:44 GMT-0500 (hora estándar de Perú),Tue Jan 14 2025 23:55:44 GMT-0500 (hora estándar de Perú)
c0bbdd04-0088-4092-9d8b-83c7bc875686,Mon Jan 20 2025 10:33:10 GMT-0500 (hora estándar de Perú),Tue Jan 20 2026 10:33:10 GMT-0500 (hora estándar de Perú),162,ec67ffc3-0ac8-4bcc-b956-42c63b55d468,Tue Jan 14 2025 23:55:44 GMT-0500 (hora estándar de Perú),Tue Jan 14 2025 23:55:44 GMT-0500 (hora estándar de Perú)
ecacb5b9-3227-47cc-be5e-a596cf979f08,Mon Jan 20 2025 10:33:10 GMT-0500 (hora estándar de Perú),Tue Jan 20 2026 10:33:10 GMT-0500 (hora estándar de Perú),109,df4cf751-ee1b-4d6a-af5d-80461d361b39,Tue Jan 14 2025 23:55:44 GMT-0500 (hora estándar de Perú),Tue Jan 14 2025 23:55:44 GMT-0500 (hora estándar de Perú)
dff68ff9-6d8e-4324-ad97-50024c378fe4,Mon Jan 20 2025 10:33:10 GMT-0500 (hora estándar de Perú),Tue Jan 20 2026 10:33:10 GMT-0500 (hora estándar de Perú),109,df4cf751-ee1b-4d6a-af5d-80461d361b39,Tue Jan 14 2025 23:55:44 GMT-0500 (hora estándar de Perú),Tue Jan 14 2025 23:55:44 GMT-0500 (hora estándar de Perú)
794c4a0a-d206-4f4c-ac47-e8623c4543f8,Mon Jan 20 2025 10:33:10 GMT-0500 (hora estándar de Perú),Tue Jan 20 2026 10:33:10 GMT-0500 (hora estándar de Perú),109,df4cf751-ee1b-4d6a-af5d-80461d361b39,Tue Jan 14 2025 23:55:44 GMT-0500 (hora estándar de Perú),Tue Jan 14 2025 23:55:44 GMT-0500 (hora estándar de Perú)
82ee1757-5747-4fde-8b87-a4ae12c7ad98,Mon Jan 20 2025 10:33:10 GMT-0500 (hora estándar de Perú),Tue Jan 20 2026 10:33:10 GMT-0500 (hora estándar de Perú),129,df4cf751-ee1b-4d6a-af5d-80461d361b39,Tue Jan 14 2025 23:55:44 GMT-0500 (hora estándar de Perú),Tue Jan 14 2025 23:55:44 GMT-0500 (hora estándar de Perú)
9121e4bc-4ca9-437d-a394-120336fabcd8,Mon Jan 20 2025 10:33:10 GMT-0500 (hora estándar de Perú),Tue Jan 20 2026 10:33:10 GMT-0500 (hora estándar de Perú),149,df4cf751-ee1b-4d6a-af5d-80461d361b39,Tue Jan 14 2025 23:55:44 GMT-0500 (hora estándar de Perú),Tue Jan 14 2025 23:55:44 GMT-0500 (hora estándar de Perú)
648140a5-90a5-49a2-97fc-7c9d34837bce,Mon Jan 20 2025 10:33:10 GMT-0500 (hora estándar de Perú),Tue Jan 20 2026 10:33:10 GMT-0500 (hora estándar de Perú),169,df4cf751-ee1b-4d6a-af5d-80461d361b39,Tue Jan 14 2025 23:55:44 GMT-0500 (hora estándar de Perú),Tue Jan 14 2025 23:55:44 GMT-0500 (hora estándar de Perú)
bdef9b0c-c668-4953-a3c4-aaf18980f893,Mon Jan 20 2025 10:33:10 GMT-0500 (hora estándar de Perú),Tue Jan 20 2026 10:33:10 GMT-0500 (hora estándar de Perú),100,4d46062d-d3ef-40ba-9ab3-540d5a80ec01,Tue Jan 14 2025 23:55:44 GMT-0500 (hora estándar de Perú),Tue Jan 14 2025 23:55:44 GMT-0500 (hora estándar de Perú)
160293a0-714e-4f71-bf4a-7971afabd535,Mon Jan 20 2025 10:33:10 GMT-0500 (hora estándar de Perú),Tue Jan 20 2026 10:33:10 GMT-0500 (hora estándar de Perú),100,4d46062d-d3ef-40ba-9ab3-540d5a80ec01,Tue Jan 14 2025 23:55:44 GMT-0500 (hora estándar de Perú),Tue Jan 14 2025 23:55:44 GMT-0500 (hora estándar de Perú)
79f17c42-8f02-4935-bbc2-cd5359f52a29,Mon Jan 20 2025 10:33:10 GMT-0500 (hora estándar de Perú),Tue Jan 20 2026 10:33:10 GMT-0500 (hora estándar de Perú),100,4d46062d-d3ef-40ba-9ab3-540d5a80ec01,Tue Jan 14 2025 23:55:44 GMT-0500 (hora estándar de Perú),Tue Jan 14 2025 23:55:44 GMT-0500 (hora estándar de Perú)
1bfce3db-ab5b-4535-921f-c60c69ec3dc1,Mon Jan 20 2025 10:33:10 GMT-0500 (hora estándar de Perú),Tue Jan 20 2026 10:33:10 GMT-0500 (hora estándar de Perú),120,4d46062d-d3ef-40ba-9ab3-540d5a80ec01,Tue Jan 14 2025 23:55:44 GMT-0500 (hora estándar de Perú),Tue Jan 14 2025 23:55:44 GMT-0500 (hora estándar de Perú)
5ff62077-60b6-4f2a-abf7-a2ef07bf9061,Mon Jan 20 2025 10:33:10 GMT-0500 (hora estándar de Perú),Tue Jan 20 2026 10:33:10 GMT-0500 (hora estándar de Perú),140,4d46062d-d3ef-40ba-9ab3-540d5a80ec01,Tue Jan 14 2025 23:55:44 GMT-0500 (hora estándar de Perú),Tue Jan 14 2025 23:55:44 GMT-0500 (hora estándar de Perú)
0bb042b2-f802-430e-afe8-6de15fdbc00e,Mon Jan 20 2025 10:33:10 GMT-0500 (hora estándar de Perú),Tue Jan 20 2026 10:33:10 GMT-0500 (hora estándar de Perú),160,4d46062d-d3ef-40ba-9ab3-540d5a80ec01,Tue Jan 14 2025 23:55:44 GMT-0500 (hora estándar de Perú),Tue Jan 14 2025 23:55:44 GMT-0500 (hora estándar de Perú)
c4e9b3ed-5ada-4582-8329-16fbc9bac8d3,Mon Jan 20 2025 10:33:10 GMT-0500 (hora estándar de Perú),Tue Jan 20 2026 10:33:10 GMT-0500 (hora estándar de Perú),100,3a404f30-23db-4ca9-a6d0-1b0f23b09b7e,Tue Jan 14 2025 23:55:44 GMT-0500 (hora estándar de Perú),Tue Jan 14 2025 23:55:44 GMT-0500 (hora estándar de Perú)
507acc58-2405-4c61-ad9a-f80bb5986d2e,Mon Jan 20 2025 10:33:10 GMT-0500 (hora estándar de Perú),Tue Jan 20 2026 10:33:10 GMT-0500 (hora estándar de Perú),100,3a404f30-23db-4ca9-a6d0-1b0f23b09b7e,Tue Jan 14 2025 23:55:44 GMT-0500 (hora estándar de Perú),Tue Jan 14 2025 23:55:44 GMT-0500 (hora estándar de Perú)
052089af-58d5-4399-be13-96f72d98276e,Mon Jan 20 2025 10:33:10 GMT-0500 (hora estándar de Perú),Tue Jan 20 2026 10:33:10 GMT-0500 (hora estándar de Perú),100,3a404f30-23db-4ca9-a6d0-1b0f23b09b7e,Tue Jan 14 2025 23:55:44 GMT-0500 (hora estándar de Perú),Tue Jan 14 2025 23:55:44 GMT-0500 (hora estándar de Perú)
10686c85-61ab-4068-94b0-f2b4b932ff2b,Mon Jan 20 2025 10:33:10 GMT-0500 (hora estándar de Perú),Tue Jan 20 2026 10:33:10 GMT-0500 (hora estándar de Perú),120,3a404f30-23db-4ca9-a6d0-1b0f23b09b7e,Tue Jan 14 2025 23:55:44 GMT-0500 (hora estándar de Perú),Tue Jan 14 2025 23:55:44 GMT-0500 (hora estándar de Perú)
b3fd41df-4aac-4aa6-a4b5-ab1f4e48f763,Mon Jan 20 2025 10:33:10 GMT-0500 (hora estándar de Perú),Tue Jan 20 2026 10:33:10 GMT-0500 (hora estándar de Perú),140,3a404f30-23db-4ca9-a6d0-1b0f23b09b7e,Tue Jan 14 2025 23:55:44 GMT-0500 (hora estándar de Perú),Tue Jan 14 2025 23:55:44 GMT-0500 (hora estándar de Perú)
630a234d-5cee-4283-9a50-cf22a8b54f93,Mon Jan 20 2025 10:33:10 GMT-0500 (hora estándar de Perú),Tue Jan 20 2026 10:33:10 GMT-0500 (hora estándar de Perú),160,3a404f30-23db-4ca9-a6d0-1b0f23b09b7e,Tue Jan 14 2025 23:55:44 GMT-0500 (hora estándar de Perú),Tue Jan 14 2025 23:55:44 GMT-0500 (hora estándar de Perú)
51ebf6eb-1ca7-4fc6-a9fc-f49fbde5848a,Mon Jan 20 2025 10:33:10 GMT-0500 (hora estándar de Perú),Tue Jan 20 2026 10:33:10 GMT-0500 (hora estándar de Perú),155,14612b76-e7fb-4ca9-b946-7d9109e3c5a4,Tue Jan 14 2025 23:55:44 GMT-0500 (hora estándar de Perú),Tue Jan 14 2025 23:55:44 GMT-0500 (hora estándar de Perú)
719b616e-0212-45ba-800c-024e16900b1d,Mon Jan 20 2025 10:33:10 GMT-0500 (hora estándar de Perú),Tue Jan 20 2026 10:33:10 GMT-0500 (hora estándar de Perú),155,14612b76-e7fb-4ca9-b946-7d9109e3c5a4,Tue Jan 14 2025 23:55:44 GMT-0500 (hora estándar de Perú),Tue Jan 14 2025 23:55:44 GMT-0500 (hora estándar de Perú)
c056d25b-04fc-420e-a06a-bb5cdd74a1ca,Mon Jan 20 2025 10:33:10 GMT-0500 (hora estándar de Perú),Tue Jan 20 2026 10:33:10 GMT-0500 (hora estándar de Perú),155,14612b76-e7fb-4ca9-b946-7d9109e3c5a4,Tue Jan 14 2025 23:55:44 GMT-0500 (hora estándar de Perú),Tue Jan 14 2025 23:55:44 GMT-0500 (hora estándar de Perú)
0b2629c5-06dd-4a8e-ab38-80341c78ce69,Mon Jan 20 2025 10:33:10 GMT-0500 (hora estándar de Perú),Tue Jan 20 2026 10:33:10 GMT-0500 (hora estándar de Perú),175,14612b76-e7fb-4ca9-b946-7d9109e3c5a4,Tue Jan 14 2025 23:55:44 GMT-0500 (hora estándar de Perú),Tue Jan 14 2025 23:55:44 GMT-0500 (hora estándar de Perú)
cdc370f5-489b-4e62-937e-7a1dfadbe3f1,Mon Jan 20 2025 10:33:10 GMT-0500 (hora estándar de Perú),Tue Jan 20 2026 10:33:10 GMT-0500 (hora estándar de Perú),195,14612b76-e7fb-4ca9-b946-7d9109e3c5a4,Tue Jan 14 2025 23:55:44 GMT-0500 (hora estándar de Perú),Tue Jan 14 2025 23:55:44 GMT-0500 (hora estándar de Perú)
90ed9eae-925a-4509-a4a7-711bd73156a5,Mon Jan 20 2025 10:33:10 GMT-0500 (hora estándar de Perú),Tue Jan 20 2026 10:33:10 GMT-0500 (hora estándar de Perú),215,14612b76-e7fb-4ca9-b946-7d9109e3c5a4,Tue Jan 14 2025 23:55:44 GMT-0500 (hora estándar de Perú),Tue Jan 14 2025 23:55:44 GMT-0500 (hora estándar de Perú)
8670b47a-1797-48fc-bf2a-cc3e50b26d2e,Mon Jan 20 2025 10:33:10 GMT-0500 (hora estándar de Perú),Tue Jan 20 2026 10:33:10 GMT-0500 (hora estándar de Perú),100,b85b24ee-bcde-4f79-a81c-969475688315,Tue Jan 14 2025 23:55:44 GMT-0500 (hora estándar de Perú),Tue Jan 14 2025 23:55:44 GMT-0500 (hora estándar de Perú)
c5d61c5a-1666-4057-8013-69c115af7d6f,Mon Jan 20 2025 10:33:10 GMT-0500 (hora estándar de Perú),Tue Jan 20 2026 10:33:10 GMT-0500 (hora estándar de Perú),100,b85b24ee-bcde-4f79-a81c-969475688315,Tue Jan 14 2025 23:55:44 GMT-0500 (hora estándar de Perú),Tue Jan 14 2025 23:55:44 GMT-0500 (hora estándar de Perú)
72773172-3c4b-4b5d-a41d-bcc57a3c727e,Mon Jan 20 2025 10:33:10 GMT-0500 (hora estándar de Perú),Tue Jan 20 2026 10:33:10 GMT-0500 (hora estándar de Perú),100,b85b24ee-bcde-4f79-a81c-969475688315,Tue Jan 14 2025 23:55:44 GMT-0500 (hora estándar de Perú),Tue Jan 14 2025 23:55:44 GMT-0500 (hora estándar de Perú)
cdba2430-a418-4e06-9e3e-8a7185c6bd20,Mon Jan 20 2025 10:33:10 GMT-0500 (hora estándar de Perú),Tue Jan 20 2026 10:33:10 GMT-0500 (hora estándar de Perú),120,b85b24ee-bcde-4f79-a81c-969475688315,Tue Jan 14 2025 23:55:44 GMT-0500 (hora estándar de Perú),Tue Jan 14 2025 23:55:44 GMT-0500 (hora estándar de Perú)
d93f99bc-ab18-4650-ad43-6aae32df6124,Mon Jan 20 2025 10:33:10 GMT-0500 (hora estándar de Perú),Tue Jan 20 2026 10:33:10 GMT-0500 (hora estándar de Perú),140,b85b24ee-bcde-4f79-a81c-969475688315,Tue Jan 14 2025 23:55:44 GMT-0500 (hora estándar de Perú),Tue Jan 14 2025 23:55:44 GMT-0500 (hora estándar de Perú)
2bdabfa0-56aa-4f14-86c9-744f98f9d523,Mon Jan 20 2025 10:33:10 GMT-0500 (hora estándar de Perú),Tue Jan 20 2026 10:33:10 GMT-0500 (hora estándar de Perú),160,b85b24ee-bcde-4f79-a81c-969475688315,Tue Jan 14 2025 23:55:44 GMT-0500 (hora estándar de Perú),Tue Jan 14 2025 23:55:44 GMT-0500 (hora estándar de Perú)
ed3e3704-656f-4748-99cf-cda7f9e14628,Mon Jan 20 2025 10:33:10 GMT-0500 (hora estándar de Perú),Tue Jan 20 2026 10:33:10 GMT-0500 (hora estándar de Perú),102,0ff55088-5577-414d-91b4-43ee36457cc2,Tue Jan 14 2025 23:55:44 GMT-0500 (hora estándar de Perú),Tue Jan 14 2025 23:55:44 GMT-0500 (hora estándar de Perú)
33a51b80-aa44-4807-8de2-6272978153e3,Mon Jan 20 2025 10:33:10 GMT-0500 (hora estándar de Perú),Tue Jan 20 2026 10:33:10 GMT-0500 (hora estándar de Perú),102,0ff55088-5577-414d-91b4-43ee36457cc2,Tue Jan 14 2025 23:55:44 GMT-0500 (hora estándar de Perú),Tue Jan 14 2025 23:55:44 GMT-0500 (hora estándar de Perú)
668829b0-9347-4b62-baff-709f6407af35,Mon Jan 20 2025 10:33:10 GMT-0500 (hora estándar de Perú),Tue Jan 20 2026 10:33:10 GMT-0500 (hora estándar de Perú),102,0ff55088-5577-414d-91b4-43ee36457cc2,Tue Jan 14 2025 23:55:44 GMT-0500 (hora estándar de Perú),Tue Jan 14 2025 23:55:44 GMT-0500 (hora estándar de Perú)
b2baa5fe-39f0-49e1-bc7a-cb9790b2d8c4,Mon Jan 20 2025 10:33:10 GMT-0500 (hora estándar de Perú),Tue Jan 20 2026 10:33:10 GMT-0500 (hora estándar de Perú),122,0ff55088-5577-414d-91b4-43ee36457cc2,Tue Jan 14 2025 23:55:44 GMT-0500 (hora estándar de Perú),Tue Jan 14 2025 23:55:44 GMT-0500 (hora estándar de Perú)
9e52cf11-cf7a-422c-a30e-28598481811a,Mon Jan 20 2025 10:33:10 GMT-0500 (hora estándar de Perú),Tue Jan 20 2026 10:33:10 GMT-0500 (hora estándar de Perú),142,0ff55088-5577-414d-91b4-43ee36457cc2,Tue Jan 14 2025 23:55:44 GMT-0500 (hora estándar de Perú),Tue Jan 14 2025 23:55:44 GMT-0500 (hora estándar de Perú)
4cf4028f-f075-4331-9b2b-f628920ac70e,Mon Jan 20 2025 10:33:10 GMT-0500 (hora estándar de Perú),Tue Jan 20 2026 10:33:10 GMT-0500 (hora estándar de Perú),162,0ff55088-5577-414d-91b4-43ee36457cc2,Tue Jan 14 2025 23:55:44 GMT-0500 (hora estándar de Perú),Tue Jan 14 2025 23:55:44 GMT-0500 (hora estándar de Perú)
138f697a-5109-4107-8b02-13373c6ac0b4,Mon Jan 20 2025 10:33:10 GMT-0500 (hora estándar de Perú),Tue Jan 20 2026 10:33:10 GMT-0500 (hora estándar de Perú),109,064d4049-4d9b-40a9-bc6e-cf3811744fdd,Tue Jan 14 2025 23:55:44 GMT-0500 (hora estándar de Perú),Tue Jan 14 2025 23:55:44 GMT-0500 (hora estándar de Perú)
3c6fa787-5abb-4dbe-acaa-cd4cc2b4f194,Mon Jan 20 2025 10:33:10 GMT-0500 (hora estándar de Perú),Tue Jan 20 2026 10:33:10 GMT-0500 (hora estándar de Perú),109,064d4049-4d9b-40a9-bc6e-cf3811744fdd,Tue Jan 14 2025 23:55:44 GMT-0500 (hora estándar de Perú),Tue Jan 14 2025 23:55:44 GMT-0500 (hora estándar de Perú)
4196b61e-2176-435d-9de6-2d8d4134babb,Mon Jan 20 2025 10:33:10 GMT-0500 (hora estándar de Perú),Tue Jan 20 2026 10:33:10 GMT-0500 (hora estándar de Perú),109,064d4049-4d9b-40a9-bc6e-cf3811744fdd,Tue Jan 14 2025 23:55:44 GMT-0500 (hora estándar de Perú),Tue Jan 14 2025 23:55:44 GMT-0500 (hora estándar de Perú)
404510cc-4360-48b9-b2bb-a6443b0288b7,Mon Jan 20 2025 10:33:10 GMT-0500 (hora estándar de Perú),Tue Jan 20 2026 10:33:10 GMT-0500 (hora estándar de Perú),129,064d4049-4d9b-40a9-bc6e-cf3811744fdd,Tue Jan 14 2025 23:55:44 GMT-0500 (hora estándar de Perú),Tue Jan 14 2025 23:55:44 GMT-0500 (hora estándar de Perú)
968892b0-e26b-4799-bdc2-12433d6d0448,Mon Jan 20 2025 10:33:10 GMT-0500 (hora estándar de Perú),Tue Jan 20 2026 10:33:10 GMT-0500 (hora estándar de Perú),149,064d4049-4d9b-40a9-bc6e-cf3811744fdd,Tue Jan 14 2025 23:55:44 GMT-0500 (hora estándar de Perú),Tue Jan 14 2025 23:55:44 GMT-0500 (hora estándar de Perú)
35f1305e-fa67-4192-ae4f-545838fd1682,Mon Jan 20 2025 10:33:10 GMT-0500 (hora estándar de Perú),Tue Jan 20 2026 10:33:10 GMT-0500 (hora estándar de Perú),169,064d4049-4d9b-40a9-bc6e-cf3811744fdd,Tue Jan 14 2025 23:55:44 GMT-0500 (hora estándar de Perú),Tue Jan 14 2025 23:55:44 GMT-0500 (hora estándar de Perú)
6c417479-8d2f-478c-b045-57092088e1ac,Mon Jan 20 2025 10:33:10 GMT-0500 (hora estándar de Perú),Tue Jan 20 2026 10:33:10 GMT-0500 (hora estándar de Perú),100,a5a99b57-624a-4269-8872-b0eb66684050,Tue Jan 14 2025 23:55:44 GMT-0500 (hora estándar de Perú),Tue Jan 14 2025 23:55:44 GMT-0500 (hora estándar de Perú)
0795e791-d65b-4812-9e2f-1b5d50033461,Mon Jan 20 2025 10:33:10 GMT-0500 (hora estándar de Perú),Tue Jan 20 2026 10:33:10 GMT-0500 (hora estándar de Perú),100,a5a99b57-624a-4269-8872-b0eb66684050,Tue Jan 14 2025 23:55:44 GMT-0500 (hora estándar de Perú),Tue Jan 14 2025 23:55:44 GMT-0500 (hora estándar de Perú)
5d5c981d-1d10-4238-a8ae-cccbf37d4c2d,Mon Jan 20 2025 10:33:10 GMT-0500 (hora estándar de Perú),Tue Jan 20 2026 10:33:10 GMT-0500 (hora estándar de Perú),100,a5a99b57-624a-4269-8872-b0eb66684050,Tue Jan 14 2025 23:55:44 GMT-0500 (hora estándar de Perú),Tue Jan 14 2025 23:55:44 GMT-0500 (hora estándar de Perú)
ee6fdf29-dc95-4920-9555-fb1451653dec,Mon Jan 20 2025 10:33:10 GMT-0500 (hora estándar de Perú),Tue Jan 20 2026 10:33:10 GMT-0500 (hora estándar de Perú),120,a5a99b57-624a-4269-8872-b0eb66684050,Tue Jan 14 2025 23:55:44 GMT-0500 (hora estándar de Perú),Tue Jan 14 2025 23:55:44 GMT-0500 (hora estándar de Perú)
2da83f04-09f3-4cdd-b876-00f10efea36d,Mon Jan 20 2025 10:33:10 GMT-0500 (hora estándar de Perú),Tue Jan 20 2026 10:33:10 GMT-0500 (hora estándar de Perú),140,a5a99b57-624a-4269-8872-b0eb66684050,Tue Jan 14 2025 23:55:44 GMT-0500 (hora estándar de Perú),Tue Jan 14 2025 23:55:44 GMT-0500 (hora estándar de Perú)
3da1f869-115a-4999-9d64-fadc6af00fc0,Mon Jan 20 2025 10:33:10 GMT-0500 (hora estándar de Perú),Tue Jan 20 2026 10:33:10 GMT-0500 (hora estándar de Perú),160,a5a99b57-624a-4269-8872-b0eb66684050,Tue Jan 14 2025 23:55:44 GMT-0500 (hora estándar de Perú),Tue Jan 14 2025 23:55:44 GMT-0500 (hora estándar de Perú)
d0e917da-57e8-4313-9eb6-c45c9927ccf4,Mon Jan 20 2025 10:33:10 GMT-0500 (hora estándar de Perú),Tue Jan 20 2026 10:33:10 GMT-0500 (hora estándar de Perú),100,df877a60-2d31-49d3-aed7-72986a8437fa,Tue Jan 14 2025 23:55:45 GMT-0500 (hora estándar de Perú),Tue Jan 14 2025 23:55:45 GMT-0500 (hora estándar de Perú)
05b839e1-e82e-453f-ad4f-270ab6534fbc,Mon Jan 20 2025 10:33:10 GMT-0500 (hora estándar de Perú),Tue Jan 20 2026 10:33:10 GMT-0500 (hora estándar de Perú),100,df877a60-2d31-49d3-aed7-72986a8437fa,Tue Jan 14 2025 23:55:45 GMT-0500 (hora estándar de Perú),Tue Jan 14 2025 23:55:45 GMT-0500 (hora estándar de Perú)
f23cabdf-923d-446a-a156-f52482356ebc,Mon Jan 20 2025 10:33:10 GMT-0500 (hora estándar de Perú),Tue Jan 20 2026 10:33:10 GMT-0500 (hora estándar de Perú),100,df877a60-2d31-49d3-aed7-72986a8437fa,Tue Jan 14 2025 23:55:45 GMT-0500 (hora estándar de Perú),Tue Jan 14 2025 23:55:45 GMT-0500 (hora estándar de Perú)
be3a7929-0042-4641-bcb4-a8880090f4f7,Mon Jan 20 2025 10:33:10 GMT-0500 (hora estándar de Perú),Tue Jan 20 2026 10:33:10 GMT-0500 (hora estándar de Perú),120,df877a60-2d31-49d3-aed7-72986a8437fa,Tue Jan 14 2025 23:55:45 GMT-0500 (hora estándar de Perú),Tue Jan 14 2025 23:55:45 GMT-0500 (hora estándar de Perú)
8171c440-5b83-42da-92b9-c01b745b7c66,Mon Jan 20 2025 10:33:10 GMT-0500 (hora estándar de Perú),Tue Jan 20 2026 10:33:10 GMT-0500 (hora estándar de Perú),140,df877a60-2d31-49d3-aed7-72986a8437fa,Tue Jan 14 2025 23:55:45 GMT-0500 (hora estándar de Perú),Tue Jan 14 2025 23:55:45 GMT-0500 (hora estándar de Perú)
185f8fa8-89be-47cf-a392-e82dcb64a98d,Mon Jan 20 2025 10:33:10 GMT-0500 (hora estándar de Perú),Tue Jan 20 2026 10:33:10 GMT-0500 (hora estándar de Perú),160,df877a60-2d31-49d3-aed7-72986a8437fa,Tue Jan 14 2025 23:55:45 GMT-0500 (hora estándar de Perú),Tue Jan 14 2025 23:55:45 GMT-0500 (hora estándar de Perú)
4f5e031f-55b6-497e-a170-edc0a0f34efd,Mon Jan 20 2025 10:33:10 GMT-0500 (hora estándar de Perú),Tue Jan 20 2026 10:33:10 GMT-0500 (hora estándar de Perú),120,9469f760-98b6-4fa9-ae5e-fc509940eeb1,Tue Jan 14 2025 23:55:45 GMT-0500 (hora estándar de Perú),Tue Jan 14 2025 23:55:45 GMT-0500 (hora estándar de Perú)
88f67dbb-1349-4c62-9d40-1996929c3ef1,Mon Jan 20 2025 10:33:10 GMT-0500 (hora estándar de Perú),Tue Jan 20 2026 10:33:10 GMT-0500 (hora estándar de Perú),120,9469f760-98b6-4fa9-ae5e-fc509940eeb1,Tue Jan 14 2025 23:55:45 GMT-0500 (hora estándar de Perú),Tue Jan 14 2025 23:55:45 GMT-0500 (hora estándar de Perú)
c5f4c090-b564-40c3-8472-7187b6a79354,Mon Jan 20 2025 10:33:10 GMT-0500 (hora estándar de Perú),Tue Jan 20 2026 10:33:10 GMT-0500 (hora estándar de Perú),120,9469f760-98b6-4fa9-ae5e-fc509940eeb1,Tue Jan 14 2025 23:55:45 GMT-0500 (hora estándar de Perú),Tue Jan 14 2025 23:55:45 GMT-0500 (hora estándar de Perú)
2076c448-a3bc-46a6-8452-a17c5a81cea9,Mon Jan 20 2025 10:33:10 GMT-0500 (hora estándar de Perú),Tue Jan 20 2026 10:33:10 GMT-0500 (hora estándar de Perú),140,9469f760-98b6-4fa9-ae5e-fc509940eeb1,Tue Jan 14 2025 23:55:45 GMT-0500 (hora estándar de Perú),Tue Jan 14 2025 23:55:45 GMT-0500 (hora estándar de Perú)
e3c94c0e-6825-4081-94ed-9e43209e800c,Mon Jan 20 2025 10:33:10 GMT-0500 (hora estándar de Perú),Tue Jan 20 2026 10:33:10 GMT-0500 (hora estándar de Perú),160,9469f760-98b6-4fa9-ae5e-fc509940eeb1,Tue Jan 14 2025 23:55:45 GMT-0500 (hora estándar de Perú),Tue Jan 14 2025 23:55:45 GMT-0500 (hora estándar de Perú)
7064c418-d5ac-4e62-a09d-c5f63a465504,Mon Jan 20 2025 10:33:10 GMT-0500 (hora estándar de Perú),Tue Jan 20 2026 10:33:10 GMT-0500 (hora estándar de Perú),180,9469f760-98b6-4fa9-ae5e-fc509940eeb1,Tue Jan 14 2025 23:55:45 GMT-0500 (hora estándar de Perú),Tue Jan 14 2025 23:55:45 GMT-0500 (hora estándar de Perú)
5e35263f-b6ba-447e-9a54-ff91f8c6b129,Mon Jan 20 2025 10:33:10 GMT-0500 (hora estándar de Perú),Tue Jan 20 2026 10:33:10 GMT-0500 (hora estándar de Perú),120,e519c923-db0a-42f4-86e0-b8ebfcb56614,Tue Jan 14 2025 23:55:45 GMT-0500 (hora estándar de Perú),Tue Jan 14 2025 23:55:45 GMT-0500 (hora estándar de Perú)
8eb92cd0-a12c-4be1-80f2-f1e1446a55d0,Mon Jan 20 2025 10:33:10 GMT-0500 (hora estándar de Perú),Tue Jan 20 2026 10:33:10 GMT-0500 (hora estándar de Perú),120,e519c923-db0a-42f4-86e0-b8ebfcb56614,Tue Jan 14 2025 23:55:45 GMT-0500 (hora estándar de Perú),Tue Jan 14 2025 23:55:45 GMT-0500 (hora estándar de Perú)
0af48fed-43b4-4878-8ee6-ed9e47e135a9,Mon Jan 20 2025 10:33:10 GMT-0500 (hora estándar de Perú),Tue Jan 20 2026 10:33:10 GMT-0500 (hora estándar de Perú),120,e519c923-db0a-42f4-86e0-b8ebfcb56614,Tue Jan 14 2025 23:55:45 GMT-0500 (hora estándar de Perú),Tue Jan 14 2025 23:55:45 GMT-0500 (hora estándar de Perú)
e8488112-9336-47dc-b627-1fb78b12efa4,Mon Jan 20 2025 10:33:10 GMT-0500 (hora estándar de Perú),Tue Jan 20 2026 10:33:10 GMT-0500 (hora estándar de Perú),140,e519c923-db0a-42f4-86e0-b8ebfcb56614,Tue Jan 14 2025 23:55:45 GMT-0500 (hora estándar de Perú),Tue Jan 14 2025 23:55:45 GMT-0500 (hora estándar de Perú)
c053e9db-c071-4b6c-8f99-22771e4a8d41,Mon Jan 20 2025 10:33:10 GMT-0500 (hora estándar de Perú),Tue Jan 20 2026 10:33:10 GMT-0500 (hora estándar de Perú),160,e519c923-db0a-42f4-86e0-b8ebfcb56614,Tue Jan 14 2025 23:55:45 GMT-0500 (hora estándar de Perú),Tue Jan 14 2025 23:55:45 GMT-0500 (hora estándar de Perú)
73df0ec8-d074-4b3d-8540-f853e80529cd,Mon Jan 20 2025 10:33:10 GMT-0500 (hora estándar de Perú),Tue Jan 20 2026 10:33:10 GMT-0500 (hora estándar de Perú),180,e519c923-db0a-42f4-86e0-b8ebfcb56614,Tue Jan 14 2025 23:55:45 GMT-0500 (hora estándar de Perú),Tue Jan 14 2025 23:55:45 GMT-0500 (hora estándar de Perú)
0fd23db5-f380-4c41-811b-d0b9fb9f9841,Mon Jan 20 2025 10:33:10 GMT-0500 (hora estándar de Perú),Tue Jan 20 2026 10:33:10 GMT-0500 (hora estándar de Perú),122,034fba41-2193-4fe9-a184-4ae18bdb2311,Tue Jan 14 2025 23:55:45 GMT-0500 (hora estándar de Perú),Tue Jan 14 2025 23:55:45 GMT-0500 (hora estándar de Perú)
0e302a59-086a-42b3-90a2-9a9067513809,Mon Jan 20 2025 10:33:10 GMT-0500 (hora estándar de Perú),Tue Jan 20 2026 10:33:10 GMT-0500 (hora estándar de Perú),122,034fba41-2193-4fe9-a184-4ae18bdb2311,Tue Jan 14 2025 23:55:45 GMT-0500 (hora estándar de Perú),Tue Jan 14 2025 23:55:45 GMT-0500 (hora estándar de Perú)
5e0f8079-f0bd-4554-b8b6-51fcc6c3f707,Mon Jan 20 2025 10:33:10 GMT-0500 (hora estándar de Perú),Tue Jan 20 2026 10:33:10 GMT-0500 (hora estándar de Perú),122,034fba41-2193-4fe9-a184-4ae18bdb2311,Tue Jan 14 2025 23:55:45 GMT-0500 (hora estándar de Perú),Tue Jan 14 2025 23:55:45 GMT-0500 (hora estándar de Perú)
02b339ca-9e79-45a8-9fba-e5961af1e671,Mon Jan 20 2025 10:33:10 GMT-0500 (hora estándar de Perú),Tue Jan 20 2026 10:33:10 GMT-0500 (hora estándar de Perú),142,034fba41-2193-4fe9-a184-4ae18bdb2311,Tue Jan 14 2025 23:55:45 GMT-0500 (hora estándar de Perú),Tue Jan 14 2025 23:55:45 GMT-0500 (hora estándar de Perú)
9cd68d8a-61c4-472a-9d20-1bdd442561c3,Mon Jan 20 2025 10:33:10 GMT-0500 (hora estándar de Perú),Tue Jan 20 2026 10:33:10 GMT-0500 (hora estándar de Perú),162,034fba41-2193-4fe9-a184-4ae18bdb2311,Tue Jan 14 2025 23:55:45 GMT-0500 (hora estándar de Perú),Tue Jan 14 2025 23:55:45 GMT-0500 (hora estándar de Perú)
d8bdddec-8892-4339-b46c-e06fa4bede4d,Mon Jan 20 2025 10:33:10 GMT-0500 (hora estándar de Perú),Tue Jan 20 2026 10:33:10 GMT-0500 (hora estándar de Perú),182,034fba41-2193-4fe9-a184-4ae18bdb2311,Tue Jan 14 2025 23:55:45 GMT-0500 (hora estándar de Perú),Tue Jan 14 2025 23:55:45 GMT-0500 (hora estándar de Perú)
d23a149a-f144-42da-a0c0-a822dd87c244,Mon Jan 20 2025 10:33:10 GMT-0500 (hora estándar de Perú),Tue Jan 20 2026 10:33:10 GMT-0500 (hora estándar de Perú),109,1597c821-d5f7-487a-97bf-47d03e17f75d,Tue Jan 14 2025 23:55:45 GMT-0500 (hora estándar de Perú),Tue Jan 14 2025 23:55:45 GMT-0500 (hora estándar de Perú)
603c0eb6-00c7-49da-a1d6-362f0582728d,Mon Jan 20 2025 10:33:10 GMT-0500 (hora estándar de Perú),Tue Jan 20 2026 10:33:10 GMT-0500 (hora estándar de Perú),109,1597c821-d5f7-487a-97bf-47d03e17f75d,Tue Jan 14 2025 23:55:45 GMT-0500 (hora estándar de Perú),Tue Jan 14 2025 23:55:45 GMT-0500 (hora estándar de Perú)
df63795c-4c90-44de-abfe-f740b506e64e,Mon Jan 20 2025 10:33:10 GMT-0500 (hora estándar de Perú),Tue Jan 20 2026 10:33:10 GMT-0500 (hora estándar de Perú),109,1597c821-d5f7-487a-97bf-47d03e17f75d,Tue Jan 14 2025 23:55:45 GMT-0500 (hora estándar de Perú),Tue Jan 14 2025 23:55:45 GMT-0500 (hora estándar de Perú)
81bc519b-2213-499c-aacc-41441f90d141,Mon Jan 20 2025 10:33:10 GMT-0500 (hora estándar de Perú),Tue Jan 20 2026 10:33:10 GMT-0500 (hora estándar de Perú),129,1597c821-d5f7-487a-97bf-47d03e17f75d,Tue Jan 14 2025 23:55:45 GMT-0500 (hora estándar de Perú),Tue Jan 14 2025 23:55:45 GMT-0500 (hora estándar de Perú)
ba50fffd-fe1c-480f-909e-f935c0eeea03,Mon Jan 20 2025 10:33:10 GMT-0500 (hora estándar de Perú),Tue Jan 20 2026 10:33:10 GMT-0500 (hora estándar de Perú),149,1597c821-d5f7-487a-97bf-47d03e17f75d,Tue Jan 14 2025 23:55:45 GMT-0500 (hora estándar de Perú),Tue Jan 14 2025 23:55:45 GMT-0500 (hora estándar de Perú)
b6c1e411-3d70-49c6-9f6e-00169ceb4c42,Mon Jan 20 2025 10:33:10 GMT-0500 (hora estándar de Perú),Tue Jan 20 2026 10:33:10 GMT-0500 (hora estándar de Perú),169,1597c821-d5f7-487a-97bf-47d03e17f75d,Tue Jan 14 2025 23:55:45 GMT-0500 (hora estándar de Perú),Tue Jan 14 2025 23:55:45 GMT-0500 (hora estándar de Perú)
1c9d5d40-5f38-4a43-8612-b782f0d492e5,Mon Jan 20 2025 10:33:10 GMT-0500 (hora estándar de Perú),Tue Jan 20 2026 10:33:10 GMT-0500 (hora estándar de Perú),120,3d80df4e-9027-442e-bfac-8961f0958620,Tue Jan 14 2025 23:55:45 GMT-0500 (hora estándar de Perú),Tue Jan 14 2025 23:55:45 GMT-0500 (hora estándar de Perú)
7f1ab888-dc64-47ca-9553-66fcf48a50ec,Mon Jan 20 2025 10:33:10 GMT-0500 (hora estándar de Perú),Tue Jan 20 2026 10:33:10 GMT-0500 (hora estándar de Perú),120,3d80df4e-9027-442e-bfac-8961f0958620,Tue Jan 14 2025 23:55:45 GMT-0500 (hora estándar de Perú),Tue Jan 14 2025 23:55:45 GMT-0500 (hora estándar de Perú)
0ac136cd-47ab-42d5-861e-d051b1c8571d,Mon Jan 20 2025 10:33:10 GMT-0500 (hora estándar de Perú),Tue Jan 20 2026 10:33:10 GMT-0500 (hora estándar de Perú),120,3d80df4e-9027-442e-bfac-8961f0958620,Tue Jan 14 2025 23:55:45 GMT-0500 (hora estándar de Perú),Tue Jan 14 2025 23:55:45 GMT-0500 (hora estándar de Perú)
901e75d1-3836-42be-94d7-a5b2fc48b367,Mon Jan 20 2025 10:33:10 GMT-0500 (hora estándar de Perú),Tue Jan 20 2026 10:33:10 GMT-0500 (hora estándar de Perú),140,3d80df4e-9027-442e-bfac-8961f0958620,Tue Jan 14 2025 23:55:45 GMT-0500 (hora estándar de Perú),Tue Jan 14 2025 23:55:45 GMT-0500 (hora estándar de Perú)
bc4ab8a6-e0aa-4f3f-a073-d863cb2cf0bc,Mon Jan 20 2025 10:33:10 GMT-0500 (hora estándar de Perú),Tue Jan 20 2026 10:33:10 GMT-0500 (hora estándar de Perú),160,3d80df4e-9027-442e-bfac-8961f0958620,Tue Jan 14 2025 23:55:45 GMT-0500 (hora estándar de Perú),Tue Jan 14 2025 23:55:45 GMT-0500 (hora estándar de Perú)
0dbd54d7-03ec-43a8-a913-a4e8ddbf197d,Mon Jan 20 2025 10:33:10 GMT-0500 (hora estándar de Perú),Tue Jan 20 2026 10:33:10 GMT-0500 (hora estándar de Perú),180,3d80df4e-9027-442e-bfac-8961f0958620,Tue Jan 14 2025 23:55:45 GMT-0500 (hora estándar de Perú),Tue Jan 14 2025 23:55:45 GMT-0500 (hora estándar de Perú)
00b2e39b-baa3-4f7f-912d-c8fc56ae580e,Mon Jan 20 2025 10:33:10 GMT-0500 (hora estándar de Perú),Tue Jan 20 2026 10:33:10 GMT-0500 (hora estándar de Perú),120,5809762f-6098-4451-8ecb-553f687a0d0f,Tue Jan 14 2025 23:55:45 GMT-0500 (hora estándar de Perú),Tue Jan 14 2025 23:55:45 GMT-0500 (hora estándar de Perú)
776aa70d-3c28-4644-9dc2-e63db3a9f4ee,Mon Jan 20 2025 10:33:10 GMT-0500 (hora estándar de Perú),Tue Jan 20 2026 10:33:10 GMT-0500 (hora estándar de Perú),120,5809762f-6098-4451-8ecb-553f687a0d0f,Tue Jan 14 2025 23:55:45 GMT-0500 (hora estándar de Perú),Tue Jan 14 2025 23:55:45 GMT-0500 (hora estándar de Perú)
e77210bc-9327-45f0-808d-9ce05ce11a83,Mon Jan 20 2025 10:33:10 GMT-0500 (hora estándar de Perú),Tue Jan 20 2026 10:33:10 GMT-0500 (hora estándar de Perú),120,5809762f-6098-4451-8ecb-553f687a0d0f,Tue Jan 14 2025 23:55:45 GMT-0500 (hora estándar de Perú),Tue Jan 14 2025 23:55:45 GMT-0500 (hora estándar de Perú)
3042cd9d-55a9-4344-aacb-e7d938b446fe,Mon Jan 20 2025 10:33:10 GMT-0500 (hora estándar de Perú),Tue Jan 20 2026 10:33:10 GMT-0500 (hora estándar de Perú),140,5809762f-6098-4451-8ecb-553f687a0d0f,Tue Jan 14 2025 23:55:45 GMT-0500 (hora estándar de Perú),Tue Jan 14 2025 23:55:45 GMT-0500 (hora estándar de Perú)
7923611e-4199-4e18-9e2c-8dc31b2ed63c,Mon Jan 20 2025 10:33:10 GMT-0500 (hora estándar de Perú),Tue Jan 20 2026 10:33:10 GMT-0500 (hora estándar de Perú),160,5809762f-6098-4451-8ecb-553f687a0d0f,Tue Jan 14 2025 23:55:45 GMT-0500 (hora estándar de Perú),Tue Jan 14 2025 23:55:45 GMT-0500 (hora estándar de Perú)
53d96d2c-5f35-42d5-ae65-a331ba0bf5fe,Mon Jan 20 2025 10:33:10 GMT-0500 (hora estándar de Perú),Tue Jan 20 2026 10:33:10 GMT-0500 (hora estándar de Perú),180,5809762f-6098-4451-8ecb-553f687a0d0f,Tue Jan 14 2025 23:55:45 GMT-0500 (hora estándar de Perú),Tue Jan 14 2025 23:55:45 GMT-0500 (hora estándar de Perú)
